INSERT INTO public.users_rol(id, rol)
	VALUES 	(1, 'Administrador'),
			(2, 'Bodeguero'),
			(3, 'Vendedor');
			
INSERT INTO public.clients_client(id, name, address)
	VALUES (1, 'Consumidor Final', 'Ciudad');


---Data de prueba
INSERT INTO public.clients_sale(
	id, datetime, total, cashier_id, client_id)
	VALUES 	(1, '2021-09-01 21:35:40.574063-05', 10, 2, 1),
			(2, '2021-10-01 21:35:40.574063-05', 10, 2, 1),
			(3, '2021-10-01 21:35:40.574063-05', 10, 2, 1),
			(4, '2021-10-02 21:35:40.574063-05', 10, 2, 1),
			(5, '2021-10-02 21:35:40.574063-05', 10, 2, 1),
			(6, '2021-10-03 21:35:40.574063-05', 10, 2, 1),
			(7, '2021-10-04 21:35:40.574063-05', 10, 2, 1),
			(8, '2021-10-05 21:35:40.574063-05', 10, 2, 1),
			(9, '2021-10-05 21:35:40.574063-05', 10, 2, 1),
			(10, '2021-10-05 21:35:40.574063-05', 10, 2, 1),
			(11, '2021-10-06 21:35:40.574063-05', 10, 2, 1),
			(12, '2021-10-06 21:35:40.574063-05', 10, 2, 1),
			(13, '2021-10-07 21:35:40.574063-05', 10, 2, 1),
			(14, '2021-10-08 21:35:40.574063-05', 10, 2, 1),
			(15, '2021-10-09 21:35:40.574063-05', 10, 2, 1),
			(16, '2021-10-10 21:35:40.574063-05', 10, 2, 1),
			(17, '2021-10-10 21:35:40.574063-05', 10, 2, 1),
			(18, '2021-10-10 21:35:40.574063-05', 10, 2, 1),
			(19, '2021-10-10 21:35:40.574063-05', 10, 2, 1),
			(20, '2021-10-11 21:35:40.574063-05', 10, 2, 1);


INSERT INTO public.clients_productsale(
	id, quantity, total, product_id, sale_id)
	VALUES 	(1, 5, 10, 15, 1),
			(2, 2, 10, 16, 2),
			(3, 1, 10, 17, 3),
			(4, 3, 10, 17, 4),
			(5, 1, 10, 17, 5),
			(6, 1, 10, 17, 6),
			(7, 1, 10, 17, 7),
			(8, 4, 10, 17, 8),
			(9, 1, 10, 17, 9),
			(10, 1, 10, 17, 10),
			(11, 1, 10, 15, 11),
			(12, 1, 10, 15, 12),
			(13, 1, 10, 16, 13),
			(14, 3, 10, 16, 14),
			(15, 1, 10, 16, 15),
			(16, 1, 10, 17, 16),
			(17, 2, 10, 16, 17),
			(18, 1, 10, 15, 18),
			(19, 2, 10, 16, 19),
			(20, 1, 10, 15, 20);